id,content_pool,dating_stage,type,subtype,text,psychological_goal,secondary_goal,intensity,energy,topic,repeat_group,session_position,response_mode,estimated_seconds,follow_up_allowed,follow_up,active,quality_status,content_version
EO_OPEN_001,lichte_openingsvragen,first_meeting,question,light_opener,Wat is iets kleins waar je vandaag al onverwacht blij van werd?,positive_affect,self_disclosure,light,warm,daily_life,small_joys,opening|early,both_answer,45,True,En is dat iets waar je vaker blij van wordt?,True,approved,1
EO_OPEN_002,lichte_openingsvragen,first_meeting,question,light_opener,Welke totaal onnodige aankoop heeft jou verrassend veel plezier opgeleverd?,self_disclosure,humor,light,playful,spending,small_purchase_joy,opening|early,both_answer,45,False,,True,approved,1
EO_OPEN_003,lichte_openingsvragen,first_meeting,question,light_opener,Waar kun jij zonder enige gêne veel te enthousiast over worden?,self_disclosure,curiosity,light,playful,interests,unexpected_enthusiasm,opening|early,both_answer,45,True,Wat maakt dat juist zo leuk voor je?,True,approved,1
EO_OPEN_004,lichte_openingsvragen,first_meeting,question,light_opener,Wat is jouw meest betrouwbare manier om een saaie dag nét iets leuker te maken?,positive_affect,coping,light,warm,daily_life,make_day_better,opening|early,both_answer,45,False,,True,approved,1
EO_OPEN_005,lichte_openingsvragen,first_meeting,question,light_opener,Welke geur brengt je meteen ergens anders naartoe?,autobiographical_memory,self_disclosure,light,curious,senses,scent_memory,opening|early,both_answer,45,True,Waar brengt die geur je naartoe?,True,approved,1
EO_OPEN_006,lichte_openingsvragen,first_meeting,question,light_opener,Wat is iets wat jij bijna altijd bestelt als je geen zin hebt om na te denken?,preference_expression,conversation_ease,light,playful,food,default_order,opening|early,both_answer,45,False,,True,approved,1
EO_OPEN_007,lichte_openingsvragen,first_meeting,question,light_opener,Welke kleine luxe gun jij jezelf veel te makkelijk?,self_disclosure,values,light,playful,daily_life,small_luxury,opening|early,both_answer,45,True,Wanneer vind je dat het de moeite waard is?,True,approved,1
EO_OPEN_008,lichte_openingsvragen,first_meeting,question,light_opener,Wat is iets waar jij stiekem veel kieskeuriger in bent dan mensen verwachten?,self_disclosure,preference_expression,light,curious,preferences,unexpected_pickiness,opening|early,both_answer,45,False,,True,approved,1
EO_OPEN_009,lichte_openingsvragen,first_meeting,question,light_opener,Welke doordeweekse activiteit voelt voor jou eigenlijk een beetje als vrije tijd?,self_disclosure,positive_affect,light,warm,routine,everyday_leisure,opening|early,both_answer,45,False,,True,approved,1
EO_OPEN_010,lichte_openingsvragen,first_meeting,question,light_opener,Wat is het laatste waar je zó om moest lachen dat je even niet meer normaal kon praten?,positive_affect,autobiographical_memory,light,playful,humor,recent_laughter,opening|early,both_answer,45,True,Wie of wat veroorzaakte het?,True,approved,1
EO_OPEN_011,lichte_openingsvragen,first_meeting,question,light_opener,Welke kleine regel heb jij thuis waar niemand om gevraagd heeft behalve jijzelf?,self_disclosure,humor,light,playful,home,personal_house_rule,opening|early,both_answer,45,False,,True,approved,1
EO_OPEN_012,lichte_openingsvragen,first_meeting,question,light_opener,Wat zou iemand na één dag met jou waarschijnlijk al over je routine weten?,self_disclosure,self_awareness,light,curious,routine,visible_routine,opening|early,both_answer,45,False,,True,approved,1
EO_OPEN_013,lichte_openingsvragen,first_meeting,question,light_opener,Welke snack verdwijnt bij jou sneller dan je eigenlijk wilt toegeven?,self_disclosure,humor,light,playful,food,guilty_snack,opening|early,both_answer,45,False,,True,approved,1
EO_OPEN_014,lichte_openingsvragen,first_meeting,question,light_opener,Wat is een plek waar jij altijd nét iets langer blijft dan nodig?,self_disclosure,preference_expression,light,warm,places,linger_place,opening|early,both_answer,45,True,Wat houdt je daar?,True,approved,1
EO_OPEN_015,lichte_openingsvragen,first_meeting,question,light_opener,Welke app open je bijna automatisch zonder dat je er bewust voor kiest?,self_disclosure,habit_awareness,light,curious,technology,default_app,opening|early,both_answer,45,False,,True,approved,1
EO_OPEN_016,lichte_openingsvragen,first_meeting,question,light_opener,Wat is iets dat jij leuker vindt dan logisch te verdedigen valt?,self_disclosure,humor,light,playful,preferences,irrational_liking,opening|early,both_answer,45,False,,True,approved,1
EO_OPEN_017,lichte_openingsvragen,first_meeting,question,light_opener,Welke alledaagse vaardigheid zou jij verrassend goed kunnen doceren?,self_disclosure,competence,light,playful,skills,everyday_skill,opening|early,both_answer,45,True,Waar heb je die vaardigheid opgedaan?,True,approved,1
EO_OPEN_018,lichte_openingsvragen,first_meeting,question,light_opener,Wat is jouw favoriete excuus om even nergens aan mee te hoeven doen?,self_disclosure,humor,light,playful,social,escape_excuse,opening|early,both_answer,45,False,,True,approved,1
EO_OPEN_019,lichte_openingsvragen,first_meeting,question,light_opener,Welke dag van de week voelt voor jou het meest als 'jouw' dag?,preference_expression,routine,light,warm,time,favorite_weekday,opening|early,both_answer,45,True,Wat maakt die dag anders?,True,approved,1
EO_OPEN_020,lichte_openingsvragen,first_meeting,question,light_opener,Wat is iets waar je vroeger nooit om gaf en nu opvallend veel waarde aan hecht?,self_disclosure,values,light_medium,reflective,change,changed_preference,opening|early,both_answer,45,False,,True,approved,1
EO_OPEN_021,lichte_openingsvragen,first_meeting,question,light_opener,Welke mini-overwinning kan jouw humeur meteen redden?,positive_affect,self_disclosure,light,playful,daily_life,micro_win,opening|early,both_answer,45,False,,True,approved,1
EO_OPEN_022,lichte_openingsvragen,first_meeting,question,light_opener,"Als je één huishoudelijk apparaat een persoonlijk bedankje moest geven, welk kies je?",humor,preference_expression,light,playful,home,household_favorite,opening|early,both_answer,45,False,,True,approved,1
EO_OPEN_023,lichte_openingsvragen,first_meeting,question,light_opener,Waarin ben jij veel ouderwets-er dan mensen op basis van je leeftijd zouden denken?,self_disclosure,identity,light,curious,preferences,old_school_trait,opening|early,both_answer,45,False,,True,approved,1
EO_OPEN_024,lichte_openingsvragen,first_meeting,question,light_opener,Wat is een geluid waar jij opvallend blij van kunt worden?,positive_affect,sensation,light,warm,senses,favorite_sound,opening|early,both_answer,45,False,,True,approved,1
EO_OPEN_025,lichte_openingsvragen,first_meeting,question,light_opener,Welke kleine irritatie is bij jou totaal buiten proportie?,self_disclosure,humor,light,playful,pet_peeves,tiny_annoyance,opening|early,both_answer,45,True,Hoe snel ben je het daarna weer vergeten?,True,approved,1
EO_OPEN_026,lichte_openingsvragen,first_meeting,question,light_opener,Wat is jouw beste 'ik heb geen zin om te koken'-oplossing?,preference_expression,conversation_ease,light,playful,food,lazy_meal,opening|early,both_answer,45,False,,True,approved,1
EO_OPEN_027,lichte_openingsvragen,first_meeting,question,light_opener,"Wat is iets dat jij bijna altijd te laat vervangt, repareert of weggooit?",self_disclosure,humor,light,playful,habits,procrastinated_maintenance,opening|early,both_answer,45,False,,True,approved,1
EO_OPEN_028,lichte_openingsvragen,first_meeting,question,light_opener,Welke kleine traditie zou je prima zelf kunnen verzinnen en daarna elk jaar bloedserieus volhouden?,imagination,self_disclosure,light,playful,traditions,invented_tradition,opening|early,both_answer,45,True,Wat zou de regel zijn?,True,approved,1
EO_OPEN_029,lichte_openingsvragen,first_meeting,question,light_opener,Wat is een compliment dat je opvallend leuk vindt om te krijgen?,self_disclosure,positive_affect,light_medium,warm,compliments,preferred_compliment,opening|early,both_answer,45,False,,True,approved,1
EO_OPEN_030,lichte_openingsvragen,first_meeting,question,light_opener,Welke omgeving maakt jou vrijwel meteen rustiger?,self_disclosure,emotion_regulation,light,warm,places,calming_environment,opening|early,both_answer,45,True,Wat gebeurt er daar waardoor je ontspant?,True,approved,1
EO_OPEN_031,lichte_openingsvragen,first_meeting,question,light_opener,Wat is iets waar jij altijd nét iets langer over doet dan anderen?,self_disclosure,humor,light,playful,habits,slow_task,opening|early,both_answer,45,False,,True,approved,1
EO_OPEN_032,lichte_openingsvragen,first_meeting,question,light_opener,Wat is jouw meest voorspelbare bestelling bij een koffiebar of lunchplek?,preference_expression,conversation_ease,light,playful,food,default_cafe_order,opening|early,both_answer,45,False,,True,approved,1
EO_OPEN_033,lichte_openingsvragen,first_meeting,question,light_opener,Welke kleine gewoonte van jezelf vind je eigenlijk best gezellig?,self_disclosure,self_acceptance,light,warm,habits,cozy_habit,opening|early,both_answer,45,False,,True,approved,1
EO_OPEN_034,lichte_openingsvragen,first_meeting,question,light_opener,Wat is een onderwerp waar je meteen betere energie van krijgt als iemand ernaar vraagt?,curiosity,self_disclosure,light,warm,interests,energizing_topic,opening|early,both_answer,45,True,Waarom juist dat?,True,approved,1
EO_OPEN_035,lichte_openingsvragen,first_meeting,question,light_opener,Welke alledaagse keuze neem jij verrassend serieus?,self_disclosure,humor,light,playful,preferences,serious_small_choice,opening|early,both_answer,45,False,,True,approved,1
EO_SCEN_001,situationele_vragen,first_meeting,question,scenario,Je hebt onverwacht twee uur over in een stad die je niet kent. Waar loop je als eerste naartoe?,spontaneity,preference_expression,light,curious,travel,unknown_city_free_time,early|middle,both_answer,60,True,Wat zegt die keuze volgens jou over hoe jij een plek ontdekt?,True,approved,1
EO_SCEN_002,situationele_vragen,first_meeting,question,scenario,Je krijgt morgen een vrije dag die niemand van je kan afpakken. Hoe begint die ochtend?,self_disclosure,positive_affect,light,warm,free_time,unexpected_day_off,early|middle,both_answer,60,True,En hoe laat begint die dag ongeveer?,True,approved,1
EO_SCEN_003,situationele_vragen,first_meeting,question,scenario,Je bent tien minuten te vroeg voor een afspraak. Wat gebeurt er met die tien minuten?,habit_awareness,self_disclosure,light,curious,time,early_waiting,early|middle,both_answer,60,False,,True,approved,1
EO_SCEN_004,situationele_vragen,first_meeting,question,scenario,"Een vriend zegt: 'Ik haal je over twintig minuten op, trek iets makkelijks aan.' Wat is je eerste reactie?",spontaneity,uncertainty_tolerance,light,playful,social,surprise_plan,early|middle,both_answer,60,True,Hoeveel informatie wil je minimaal nog hebben?,True,approved,1
EO_SCEN_005,situationele_vragen,first_meeting,question,scenario,Je hebt een tafel vol eten en één gerecht blijkt véél lekkerder dan verwacht. Deel je netjes of claim je stilletjes de rest?,humor,social_style,light,playful,food,sharing_food,early|middle,both_answer,60,False,,True,approved,1
EO_SCEN_006,situationele_vragen,first_meeting,question,scenario,"Je komt thuis en er is onverwacht niemand, geen plannen en geen verplichtingen. Waar eindig je waarschijnlijk binnen een halfuur?",self_disclosure,routine,light,warm,home,alone_at_home,early|middle,both_answer,60,True,Is dat voor jou opladen of gewoon lekker?,True,approved,1
EO_SCEN_007,situationele_vragen,first_meeting,question,scenario,Je bent op een feest waar je maar één persoon kent en die verdwijnt meteen in gesprek. Wat doe jij?,social_style,adaptability,light_medium,curious,social,party_alone,early|middle,both_answer,60,True,Hoe lang geef je jezelf voordat je besluit dat het genoeg is?,True,approved,1
EO_SCEN_008,situationele_vragen,first_meeting,question,scenario,Je moet voor een weekend één tas pakken zonder te weten waar je heen gaat. Wat neem je absoluut mee?,spontaneity,preference_expression,light,playful,travel,mystery_trip_bag,early|middle,both_answer,60,False,,True,approved,1
EO_SCEN_009,situationele_vragen,first_meeting,question,scenario,"Je bestelt iets nieuws in een restaurant en het valt tegen. Eet je het gewoon op, zeg je iets of steel je van het bord van de ander?",social_style,assertiveness,light,playful,food,bad_restaurant_order,early|middle,both_answer,60,False,,True,approved,1
EO_SCEN_010,situationele_vragen,first_meeting,question,scenario,Je krijgt een onverwacht compliment van een vreemde. Wat gebeurt er in de vijf seconden daarna?,self_awareness,receptivity,light_medium,curious,social,stranger_compliment,early|middle,both_answer,60,True,Kun je complimenten makkelijk aannemen?,True,approved,1
EO_SCEN_011,situationele_vragen,first_meeting,question,scenario,Je bent de enige die de route weet en iedereen loopt achter je aan. Hoe zeker doe je als je eigenlijk twijfelt?,humor,self_awareness,light,playful,navigation,uncertain_leader,early|middle,both_answer,60,False,,True,approved,1
EO_SCEN_012,situationele_vragen,first_meeting,question,scenario,Je hebt vijftig euro gekregen met één regel: je moet het vandaag uitgeven aan iets leuks. Waar gaat het naartoe?,values,preference_expression,light,curious,spending,small_windfall,early|middle,both_answer,60,True,Zou je het aan jezelf uitgeven of aan iets samen?,True,approved,1
EO_SCEN_013,situationele_vragen,first_meeting,question,scenario,Je playlist staat per ongeluk op shuffle terwijl iemand naast je meeluistert. Welk soort nummer hoop je dat níét als eerste komt?,self_disclosure,humor,light,playful,music,shuffle_embarrassment,early|middle,both_answer,60,False,,True,approved,1
EO_SCEN_014,situationele_vragen,first_meeting,question,scenario,"Je hotelkamer is prachtig, maar de wifi doet het niet. Hoe groot is het probleem echt?",self_disclosure,humor,light,playful,technology,no_wifi_trip,early|middle,both_answer,60,False,,True,approved,1
EO_SCEN_015,situationele_vragen,first_meeting,question,scenario,Je hebt een uur om iets nieuws te leren puur voor de lol. Waar klik je op?,curiosity,self_expansion,light,curious,learning,one_hour_learning,early|middle,both_answer,60,True,Waarom precies dat?,True,approved,1
EO_SCEN_016,situationele_vragen,first_meeting,question,scenario,"Je wordt gevraagd om spontaan karaoke te doen. Welk nummer redt je, of vlucht je direct?",playfulness,self_disclosure,light,playful,music,karaoke_choice,early|middle,both_answer,60,False,,True,approved,1
EO_SCEN_017,situationele_vragen,first_meeting,question,scenario,Je hebt per ongeluk de hele zondag vrijgehouden terwijl je dacht dat je plannen had. Wat doe je met de dag?,spontaneity,positive_affect,light,warm,free_time,accidental_free_sunday,early|middle,both_answer,60,False,,True,approved,1
EO_SCEN_018,situationele_vragen,first_meeting,question,scenario,"Je bent onderweg en ontdekt dat je portemonnee thuis ligt, maar je telefoon werkt wel. Hoe relaxed blijf je?",adaptability,emotion_regulation,light,curious,daily_life,forgot_wallet,early|middle,both_answer,60,False,,True,approved,1
EO_SCEN_019,situationele_vragen,first_meeting,question,scenario,"Je moet een cadeautje kiezen voor iemand die je nauwelijks kent. Ga je veilig, grappig of opvallend persoonlijk?",social_style,perspective_taking,light,curious,gifts,gift_for_acquaintance,early|middle,both_answer,60,True,Waar let je dan vooral op?,True,approved,1
EO_SCEN_020,situationele_vragen,first_meeting,question,scenario,Je zit in een trein waar ineens iedereen moet uitstappen vanwege vertraging. Wat is jouw automatische modus?,adaptability,emotion_regulation,light_medium,curious,travel,travel_disruption,early|middle,both_answer,60,True,Ben je degene die meteen een plan maakt of eerst moppert?,True,approved,1
EO_SCEN_021,situationele_vragen,first_meeting,question,scenario,Je hebt een kamer helemaal voor jezelf in een hotel. Wat is het eerste onnodige ding dat je doet?,self_disclosure,humor,light,playful,travel,hotel_room_behavior,early|middle,both_answer,60,False,,True,approved,1
EO_SCEN_022,situationele_vragen,first_meeting,question,scenario,Je moet een hele avond eten kiezen voor vier mensen met totaal verschillende smaken. Hoe pak je dat aan?,decision_style,social_style,light_medium,curious,food,group_food_decision,early|middle,both_answer,60,False,,True,approved,1
EO_SCEN_023,situationele_vragen,first_meeting,question,scenario,Je krijgt een plant cadeau die volgens de gever 'echt niet dood kan'. Wat is de prognose?,humor,self_disclosure,light,playful,home,plant_survival,early|middle,both_answer,60,False,,True,approved,1
EO_SCEN_024,situationele_vragen,first_meeting,question,scenario,Je komt ergens binnen waar je de dresscode duidelijk verkeerd hebt ingeschat. Wat doe je?,self_confidence,adaptability,light_medium,curious,social,wrong_dresscode,early|middle,both_answer,60,True,Doe je alsof het expres is of benoem je het meteen?,True,approved,1
EO_SCEN_025,situationele_vragen,first_meeting,question,scenario,Je mag een avond lang één beroep uitproberen zonder gevolgen. Wat kies je?,curiosity,identity,light,curious,work,try_a_job,early|middle,both_answer,60,True,Wat lijkt je daar leuk aan?,True,approved,1
EO_SCEN_026,situationele_vragen,first_meeting,question,scenario,Je telefoon heeft nog 2% batterij en je bent nog uren onderweg. Waar gaat die laatste energie naartoe?,priority_setting,self_disclosure,light,playful,technology,low_battery_priority,early|middle,both_answer,60,False,,True,approved,1
EO_SCEN_027,situationele_vragen,first_meeting,question,scenario,"Je bent met iemand op pad en het begint plots keihard te regenen. Schuilen, doorlopen of er juist lol van maken?",spontaneity,positive_affect,light,playful,weather,sudden_rain,early|middle,both_answer,60,False,,True,approved,1
EO_SCEN_028,situationele_vragen,first_meeting,question,scenario,Je wordt op het laatste moment gevraagd om een toast te geven op een verjaardag. Wat komt er uit je mond?,social_style,spontaneity,light_medium,curious,social,impromptu_toast,early|middle,both_answer,60,False,,True,approved,1
EO_SCEN_029,situationele_vragen,first_meeting,question,scenario,"Je hebt een klein technisch probleem waar je niks van snapt. Eerst zelf prutsen, iemand bellen of direct opzoeken?",problem_solving,self_awareness,light,curious,daily_life,small_tech_problem,early|middle,both_answer,60,False,,True,approved,1
EO_SCEN_030,situationele_vragen,first_meeting,question,scenario,Je staat in een museum en één werk blijft je onverwacht lang vasthouden. Wat moet een kunstwerk doen om dat bij jou te bereiken?,aesthetic_preference,self_disclosure,light_medium,reflective,culture,art_attention,early|middle,both_answer,60,False,,True,approved,1
EO_SCEN_031,situationele_vragen,first_meeting,question,scenario,Je mag voor één avond de muziek bepalen op een plek vol mensen. Speel je veilig of maak je er jouw avond van?,social_style,self_expression,light,playful,music,dj_for_evening,early|middle,both_answer,60,False,,True,approved,1
EO_SCEN_032,situationele_vragen,first_meeting,question,scenario,Je bestelt samen iets om te delen en er blijft precies één laatste hap over. Wat gebeurt er?,social_style,humor,light,playful,food,last_bite,early|middle,both_answer,60,False,,True,approved,1
EO_SCEN_033,situationele_vragen,first_meeting,question,scenario,Je krijgt een onverwachte uitnodiging voor iets waar je normaal nooit heen zou gaan. Wat maakt dat je tóch ja zegt?,openness,curiosity,light_medium,curious,social,unexpected_invitation,early|middle,both_answer,60,True,Wanneer is iets voor jou 'gek genoeg om leuk te worden'?,True,approved,1
EO_SCEN_034,situationele_vragen,first_meeting,question,scenario,Je bent in een boekwinkel zonder doel. Naar welke hoek loop je vanzelf?,curiosity,preference_expression,light,warm,books,bookstore_instinct,early|middle,both_answer,60,False,,True,approved,1
EO_SCEN_035,situationele_vragen,first_meeting,question,scenario,Je moet één middag offline zijn zonder voorbereiding. Wat mis je als eerste en wat juist helemaal niet?,habit_awareness,self_disclosure,light_medium,curious,technology,offline_afternoon,early|middle,both_answer,60,True,Zou je het stiekem ook prettig vinden?,True,approved,1
EO_DIL_001,dilemmas,first_meeting,dilemma,binary_choice,Altijd spontaan op pad kunnen óf altijd precies weten waar je aan toe bent?,preference_expression,spontaneity,light,playful,planning,spontaneity_vs_structure,early|middle|late,simultaneous_choice_then_reveal,40,True,Welke keuze lijkt meer op hoe je echt leeft?,True,approved,1
EO_DIL_002,dilemmas,first_meeting,dilemma,binary_choice,Een geweldig gesprek in een simpele snackbar óf matig gesprek in een fantastisch restaurant?,values,connection_preference,light,warm,dating,conversation_vs_setting,early|middle|late,simultaneous_choice_then_reveal,40,True,Wat redt een avond volgens jou eerder?,True,approved,1
EO_DIL_003,dilemmas,first_meeting,dilemma,binary_choice,Nooit meer series kijken óf nooit meer muziek luisteren?,preference_expression,identity,light,playful,entertainment,series_vs_music,early|middle|late,simultaneous_choice_then_reveal,40,False,,True,approved,1
EO_DIL_004,dilemmas,first_meeting,dilemma,binary_choice,Een weekend vol plannen óf een weekend zonder één afspraak?,preference_expression,energy_management,light,curious,free_time,busy_vs_empty_weekend,early|middle|late,simultaneous_choice_then_reveal,40,True,"Welke zou je nu kiezen, niet in theorie?",True,approved,1
EO_DIL_005,dilemmas,first_meeting,dilemma,binary_choice,Altijd de route bepalen óf altijd iemand anders laten navigeren?,control_preference,social_style,light,playful,travel,lead_vs_follow_navigation,early|middle|late,simultaneous_choice_then_reveal,40,False,,True,approved,1
EO_DIL_006,dilemmas,first_meeting,dilemma,binary_choice,Een jaar lang alleen thuis koken óf een jaar lang alleen buiten de deur eten?,preference_expression,lifestyle,light,playful,food,home_cooking_vs_eating_out,early|middle|late,simultaneous_choice_then_reveal,40,False,,True,approved,1
EO_DIL_007,dilemmas,first_meeting,dilemma,binary_choice,Iemand die altijd vijf minuten te vroeg is óf iemand die altijd vijf minuten te laat is?,preference_expression,tolerance,light,playful,time,early_vs_late,early|middle|late,simultaneous_choice_then_reveal,40,True,Welke van de twee ben je zelf eerder?,True,approved,1
EO_DIL_008,dilemmas,first_meeting,dilemma,binary_choice,Een huis vol boeken óf een huis vol planten?,aesthetic_preference,identity,light,warm,home,books_vs_plants,early|middle|late,simultaneous_choice_then_reveal,40,False,,True,approved,1
EO_DIL_009,dilemmas,first_meeting,dilemma,binary_choice,Alles van tevoren uitzoeken voor een reis óf pas beslissen als je er bent?,planning_style,openness,light,curious,travel,planned_vs_spontaneous_trip,early|middle|late,simultaneous_choice_then_reveal,40,True,Waar zou jij uiteindelijk tóch iets voor reserveren?,True,approved,1
EO_DIL_010,dilemmas,first_meeting,dilemma,binary_choice,Altijd eerlijk antwoord krijgen óf altijd tactvol antwoord krijgen?,values,communication_style,light_medium,reflective,communication,honesty_vs_tact,early|middle|late,simultaneous_choice_then_reveal,40,True,Wanneer wordt eerlijk voor jou te hard?,True,approved,1
EO_DIL_011,dilemmas,first_meeting,dilemma,binary_choice,Een baan met veel vrijheid óf een baan met veel zekerheid?,values,autonomy,light_medium,reflective,work,freedom_vs_security_work,early|middle|late,simultaneous_choice_then_reveal,40,True,Welke weegt op dit moment zwaarder voor je?,True,approved,1
EO_DIL_012,dilemmas,first_meeting,dilemma,binary_choice,Nooit meer koffie óf nooit meer alcohol?,preference_expression,habit_awareness,light,playful,drinks,coffee_vs_alcohol,early|middle|late,simultaneous_choice_then_reveal,40,False,,True,approved,1
EO_DIL_013,dilemmas,first_meeting,dilemma,binary_choice,Een fantastisch geheugen óf nooit meer piekeren over kleine dingen?,self_awareness,emotion_regulation,light_medium,curious,mind,memory_vs_less_overthinking,early|middle|late,simultaneous_choice_then_reveal,40,True,Welke zou je dagelijks meer opleveren?,True,approved,1
EO_DIL_014,dilemmas,first_meeting,dilemma,binary_choice,Een stad vol leven óf rust en ruimte buitenaf?,lifestyle_preference,values,light,warm,living,city_vs_countryside,early|middle|late,simultaneous_choice_then_reveal,40,True,Wat zou je aan de andere optie missen?,True,approved,1
EO_DIL_015,dilemmas,first_meeting,dilemma,binary_choice,Altijd weten wat mensen van je vinden óf het nooit meer kunnen raden?,social_awareness,uncertainty_tolerance,light_medium,curious,social,know_opinions_vs_not,early|middle|late,simultaneous_choice_then_reveal,40,True,Zou die kennis je rust geven of juist niet?,True,approved,1
EO_DIL_016,dilemmas,first_meeting,dilemma,binary_choice,Elke maand één onverwacht avontuur óf elk weekend één vast favoriet ritueel?,novelty_preference,stability,light,playful,lifestyle,novelty_vs_ritual,early|middle|late,simultaneous_choice_then_reveal,40,True,Welke blijft op de lange termijn leuker?,True,approved,1
EO_DIL_017,dilemmas,first_meeting,dilemma,binary_choice,Een heel mooie outfit die niet lekker zit óf iets supercomfortabels dat weinig indruk maakt?,self_expression,comfort_preference,light,playful,style,style_vs_comfort,early|middle|late,simultaneous_choice_then_reveal,40,False,,True,approved,1
EO_DIL_018,dilemmas,first_meeting,dilemma,binary_choice,Altijd het dessert delen óf nooit iemand aan je dessert laten komen?,humor,sharing_style,light,playful,food,share_vs_keep_dessert,early|middle|late,simultaneous_choice_then_reveal,40,False,,True,approved,1
EO_DIL_019,dilemmas,first_meeting,dilemma,binary_choice,Een avond met zes nieuwe mensen óf één-op-één met iemand die je interessant vindt?,social_style,depth_preference,light,curious,social,group_vs_one_on_one,early|middle|late,simultaneous_choice_then_reveal,40,True,Waar krijg je meestal meer energie van?,True,approved,1
EO_DIL_020,dilemmas,first_meeting,dilemma,binary_choice,Een perfect plan dat iets voorspelbaar is óf een rommelig plan waar een goed verhaal uit komt?,spontaneity,positive_affect,light,playful,planning,perfect_vs_storyworthy_plan,early|middle|late,simultaneous_choice_then_reveal,40,True,Welke onthoud je langer?,True,approved,1
EO_DIL_021,dilemmas,first_meeting,dilemma,binary_choice,Nooit meer online shoppen óf nooit meer fysieke winkels?,preference_expression,habit_awareness,light,playful,shopping,online_vs_physical_shopping,early|middle|late,simultaneous_choice_then_reveal,40,False,,True,approved,1
EO_DIL_022,dilemmas,first_meeting,dilemma,binary_choice,Altijd kiezen waar je eet óf altijd kiezen wat jullie daarna gaan doen?,decision_preference,social_style,light,playful,dating,food_choice_vs_activity_choice,early|middle|late,simultaneous_choice_then_reveal,40,False,,True,approved,1
EO_DIL_023,dilemmas,first_meeting,dilemma,binary_choice,Een vriend die je altijd uit je comfortzone trekt óf één bij wie alles meteen rustig voelt?,relationship_preference,self_expansion,light_medium,warm,friendship,challenge_vs_comfort_friend,early|middle|late,simultaneous_choice_then_reveal,40,True,Welke heb je op dit moment meer nodig?,True,approved,1
EO_DIL_024,dilemmas,first_meeting,dilemma,binary_choice,Een kamer met prachtig uitzicht óf een kamer met het beste bed ooit?,preference_expression,comfort,light,playful,travel,view_vs_bed,early|middle|late,simultaneous_choice_then_reveal,40,False,,True,approved,1
EO_DIL_025,dilemmas,first_meeting,dilemma,binary_choice,Altijd als eerste moeten appen óf nooit als eerste mogen appen?,initiative,social_style,light_medium,curious,communication,initiate_vs_wait,early|middle|late,simultaneous_choice_then_reveal,40,True,Welke zou je frustrerender vinden?,True,approved,1
EO_DIL_026,dilemmas,first_meeting,dilemma,binary_choice,Je favoriete maaltijd elke week óf elke week iets nieuws proberen?,novelty_preference,comfort_preference,light,playful,food,favorite_vs_new_food,early|middle|late,simultaneous_choice_then_reveal,40,True,Hoe vaak wint bij jou vertrouwd van nieuwsgierig?,True,approved,1
EO_DIL_027,dilemmas,first_meeting,dilemma,binary_choice,Een dag zonder telefoon óf een dag zonder praten?,habit_awareness,social_style,light,playful,technology,no_phone_vs_no_talking,early|middle|late,simultaneous_choice_then_reveal,40,True,Welke zou langer voelen?,True,approved,1
EO_DIL_028,dilemmas,first_meeting,dilemma,binary_choice,Altijd de beste muziek mogen kiezen óf altijd de beste plek aan tafel?,preference_expression,humor,light,playful,social,music_vs_seat,early|middle|late,simultaneous_choice_then_reveal,40,False,,True,approved,1
EO_DIL_029,dilemmas,first_meeting,dilemma,binary_choice,Een onverwachte vrije middag óf een onverwachte €100?,values,positive_affect,light,curious,resources,time_vs_money_small,early|middle|late,simultaneous_choice_then_reveal,40,True,Wat zou je met je keuze doen?,True,approved,1
EO_DIL_030,dilemmas,first_meeting,dilemma,binary_choice,Altijd een goed antwoord klaar hebben óf altijd precies weten welke vraag je moet stellen?,communication_style,curiosity,light_medium,curious,conversation,answers_vs_questions,early|middle|late,simultaneous_choice_then_reveal,40,True,Welke vind je aantrekkelijker in een gesprek?,True,approved,1
EO_DIL_031,dilemmas,first_meeting,dilemma,binary_choice,Een heel goede eerste indruk maken óf pas later steeds leuker blijken?,self_presentation,authenticity,light_medium,reflective,identity,first_impression_vs_grow_on_people,early|middle|late,simultaneous_choice_then_reveal,40,True,Welke denk je dat bij jou vaker gebeurt?,True,approved,1
EO_DIL_032,dilemmas,first_meeting,dilemma,binary_choice,Altijd kunnen slapen wanneer je wilt óf altijd wakker worden met energie?,preference_expression,wellbeing,light,playful,sleep,sleep_anytime_vs_wake_energized,early|middle|late,simultaneous_choice_then_reveal,40,False,,True,approved,1
EO_DIL_033,dilemmas,first_meeting,dilemma,binary_choice,Een onverwacht compliment over je stijl óf over iets wat je slim hebt aangepakt?,self_disclosure,positive_affect,light_medium,warm,compliments,style_vs_competence_compliment,early|middle|late,simultaneous_choice_then_reveal,40,True,Welke blijft langer hangen?,True,approved,1
EO_DIL_034,dilemmas,first_meeting,dilemma,binary_choice,Samen verdwalen in een nieuwe stad óf een uur te vroeg op de juiste plek zijn?,spontaneity,humor,light,playful,travel,lost_vs_early,early|middle|late,simultaneous_choice_then_reveal,40,True,Met wie is verdwalen nog leuk?,True,approved,1
EO_DIL_035,dilemmas,first_meeting,dilemma,binary_choice,Altijd één goede vriend(in) in elke stad óf tien kennissen in je eigen buurt?,social_preference,belonging,light_medium,curious,friendship,deep_network_vs_local_network,early|middle|late,simultaneous_choice_then_reveal,40,True,Wat zegt dat over hoe jij contact onderhoudt?,True,approved,1
EO_DIL_036,dilemmas,first_meeting,dilemma,binary_choice,Een huis dat altijd netjes is óf een huis waar altijd iets gezelligs gebeurt?,values,lifestyle,light,warm,home,tidy_vs_lively_home,early|middle|late,simultaneous_choice_then_reveal,40,True,Welke chaos accepteer je makkelijker?,True,approved,1
EO_DIL_037,dilemmas,first_meeting,dilemma,binary_choice,Een week zon zonder internet óf een week regen met alles erop en eraan?,preference_expression,technology_use,light,playful,travel,sun_offline_vs_rain_connected,early|middle|late,simultaneous_choice_then_reveal,40,False,,True,approved,1
EO_DIL_038,dilemmas,first_meeting,dilemma,binary_choice,Altijd exact weten wat je wilt bestellen óf altijd als laatste nog twijfelen maar vaak iets beters kiezen?,decision_style,humor,light,playful,food,decisive_vs_last_minute_order,early|middle|late,simultaneous_choice_then_reveal,40,False,,True,approved,1
EO_DIL_039,dilemmas,first_meeting,dilemma,binary_choice,Een avond waarop jullie alleen maar lachen óf één gesprek dat je nog dagen bijblijft?,connection_preference,positive_affect,light_medium,warm,dating,laughter_vs_memorable_talk,early|middle|late,simultaneous_choice_then_reveal,40,True,Welke zou je liever onverwacht krijgen?,True,approved,1
EO_DIL_040,dilemmas,first_meeting,dilemma,binary_choice,Nooit meer smalltalk óf nooit meer diepe gesprekken na middernacht?,conversation_preference,depth_preference,light_medium,curious,conversation,no_smalltalk_vs_no_late_deep_talk,early|middle|late,simultaneous_choice_then_reveal,40,True,Welke zou je meer missen?,True,approved,1
EO_SAFE_001,persoonlijke_veilige_vragen,first_meeting,question,safe_personal,"Wat is iets dat mensen meestal pas later over jou ontdekken, maar eigenlijk best veel over je zegt?",self_disclosure,identity,light_medium,warm,identity,later_discovered_trait,middle|late,both_answer,60,True,"Komt dat doordat je het niet meteen laat zien, of gewoon omdat niemand ernaar vraagt?",True,approved,1
EO_SAFE_002,persoonlijke_veilige_vragen,first_meeting,question,safe_personal,Wanneer voel jij je meestal het meest jezelf?,self_disclosure,authenticity,light_medium,warm,identity,feeling_most_yourself,middle|late,both_answer,60,True,Wat is er dan anders aan de situatie?,True,approved,1
EO_SAFE_003,persoonlijke_veilige_vragen,first_meeting,question,safe_personal,Wat is een eigenschap in andere mensen waar jij opvallend snel op aanslaat?,values,social_preference,light_medium,curious,people,valued_trait,middle|late,both_answer,60,True,Wanneer merk je meestal dat iemand die eigenschap heeft?,True,approved,1
EO_SAFE_004,persoonlijke_veilige_vragen,first_meeting,question,safe_personal,Waar ben je de afgelopen tijd onverwacht trotser op geworden?,self_disclosure,positive_affect,light_medium,warm,growth,recent_pride,middle|late,both_answer,60,True,Was dat iets waar anderen iets van merkten?,True,approved,1
EO_SAFE_005,persoonlijke_veilige_vragen,first_meeting,question,safe_personal,Wat is een kleine keuze uit je verleden waar je achteraf verrassend blij mee bent?,autobiographical_memory,values,light_medium,reflective,life_choices,small_choice_big_effect,middle|late,both_answer,60,True,Wat maakte die keuze achteraf zo goed?,True,approved,1
EO_SAFE_006,persoonlijke_veilige_vragen,first_meeting,question,safe_personal,Welke omgeving haalt meestal de beste versie van jou naar boven?,self_awareness,positive_affect,light_medium,warm,environment,best_self_environment,middle|late,both_answer,60,True,Wat doe jij daar anders dan normaal?,True,approved,1
EO_SAFE_007,persoonlijke_veilige_vragen,first_meeting,question,safe_personal,Wat is iets waar je nu veel makkelijker 'nee' tegen zegt dan een paar jaar geleden?,boundaries,self_awareness,light_medium,reflective,growth,learned_no,middle|late,both_answer,60,True,Wat heeft ervoor gezorgd dat dat veranderde?,True,approved,1
EO_SAFE_008,persoonlijke_veilige_vragen,first_meeting,question,safe_personal,Wat is iets dat jij belangrijker bent gaan vinden naarmate je ouder werd?,values,self_disclosure,light_medium,reflective,growth,values_with_age,middle|late,both_answer,60,True,Wat stond vroeger hoger op je lijst?,True,approved,1
EO_SAFE_009,persoonlijke_veilige_vragen,first_meeting,question,safe_personal,Welke eigenschap van jezelf vind je tegenwoordig leuker dan vroeger?,self_acceptance,identity,light_medium,warm,growth,liked_trait_over_time,middle|late,both_answer,60,True,Wie heeft die kant van jou het eerst gewaardeerd?,True,approved,1
EO_SAFE_010,persoonlijke_veilige_vragen,first_meeting,question,safe_personal,"Wat is iets waar jij echt tijd voor probeert te maken, zelfs als je agenda vol zit?",values,priority_setting,light_medium,curious,time,protected_priority,middle|late,both_answer,60,True,Wat maakt dat het die plek krijgt?,True,approved,1
EO_SAFE_011,persoonlijke_veilige_vragen,first_meeting,question,safe_personal,Wanneer merk jij meestal dat je genoeg sociale prikkels hebt gehad?,self_awareness,energy_management,light_medium,curious,social,social_limit_signal,middle|late,both_answer,60,True,Wat doe je dan meestal?,True,approved,1
EO_SAFE_012,persoonlijke_veilige_vragen,first_meeting,question,safe_personal,Wat is een moment waarop jij verrassend veel geduld hebt?,self_awareness,values,light_medium,warm,daily_life,unexpected_patience,middle|late,both_answer,60,True,En wanneer is dat geduld juist ineens weg?,True,approved,1
EO_SAFE_013,persoonlijke_veilige_vragen,first_meeting,question,safe_personal,Welke vorm van aandacht waardeer jij meer dan mensen vaak denken?,self_disclosure,responsiveness,light_medium,warm,attention,valued_attention,middle|late,both_answer,60,True,Wanneer merk je meteen dat iemand echt oplet?,True,approved,1
EO_SAFE_014,persoonlijke_veilige_vragen,first_meeting,question,safe_personal,"Wat is iets dat je graag goed wilt doen, ook als niemand het ziet?",values,integrity,light_medium,reflective,values,private_standard,middle|late,both_answer,60,True,Waar komt dat belang vandaan denk je?,True,approved,1
EO_SAFE_015,persoonlijke_veilige_vragen,first_meeting,question,safe_personal,Met welk soort mensen voel jij je meestal snel op je gemak?,social_preference,belonging,light_medium,warm,people,easy_connection_type,middle|late,both_answer,60,True,Wat doen zij waardoor dat zo voelt?,True,approved,1
EO_SAFE_016,persoonlijke_veilige_vragen,first_meeting,question,safe_personal,Wat is een onderwerp waar je mening de afgelopen jaren echt over veranderd is?,openness,self_reflection,light_medium,reflective,growth,changed_opinion,middle|late,both_answer,60,True,Wat heeft die verandering veroorzaakt?,True,approved,1
EO_SAFE_017,persoonlijke_veilige_vragen,first_meeting,question,safe_personal,Wat is iets dat je van een goede vriend(in) hebt geleerd zonder dat diegene het waarschijnlijk weet?,autobiographical_memory,social_learning,light_medium,warm,friendship,learned_from_friend,middle|late,both_answer,60,True,Zou diegene verbaasd zijn dat jij dit noemt?,True,approved,1
EO_SAFE_018,persoonlijke_veilige_vragen,first_meeting,question,safe_personal,Wat is een gewoonte die je jezelf met moeite hebt aangeleerd en nu niet meer kwijt wilt?,self_efficacy,growth,light_medium,reflective,habits,hard_won_habit,middle|late,both_answer,60,True,Wat maakte dat het uiteindelijk bleef hangen?,True,approved,1
EO_SAFE_019,persoonlijke_veilige_vragen,first_meeting,question,safe_personal,Wat is iets waar je vroeger onzeker over was en nu veel relaxter in bent?,self_acceptance,growth,light_medium,warm,identity,reduced_insecurity,middle|late,both_answer,60,True,Wanneer merkte je dat dat veranderde?,True,approved,1
EO_SAFE_020,persoonlijke_veilige_vragen,first_meeting,question,safe_personal,Wat is een eigenschap die je van thuis uit hebt meegenomen en waar je eigenlijk blij mee bent?,identity,family_influence,light_medium,warm,background,positive_family_trait,middle|late,both_answer,60,True,Zie je die eigenschap ook terug bij anderen in je familie?,True,approved,1
EO_SAFE_021,persoonlijke_veilige_vragen,first_meeting,question,safe_personal,Wat maakt voor jou dat een gesprek meteen prettig voelt?,conversation_preference,responsiveness,light_medium,curious,conversation,comfortable_conversation,middle|late,both_answer,60,True,Wat doet iemand dan concreet?,True,approved,1
EO_SAFE_022,persoonlijke_veilige_vragen,first_meeting,question,safe_personal,Wat is iets waar jij sneller enthousiast van wordt als iemand anders er óók enthousiast over is?,emotional_contagion,positive_affect,light,playful,interests,shared_enthusiasm,middle|late,both_answer,60,True,Wie krijgt jou daar makkelijk in mee?,True,approved,1
EO_SAFE_023,persoonlijke_veilige_vragen,first_meeting,question,safe_personal,Wat is een kleine vorm van betrouwbaarheid die jij opvallend belangrijk vindt?,values,trust,light_medium,reflective,relationships,small_reliability,middle|late,both_answer,60,True,Wanneer merk je juist snel dat iemand daar slordig in is?,True,approved,1
EO_SAFE_024,persoonlijke_veilige_vragen,first_meeting,question,safe_personal,Wat is iets waar jij liever kwaliteit dan snelheid kiest?,values,decision_style,light_medium,curious,daily_life,quality_over_speed,middle|late,both_answer,60,True,En waar ben je juist totaal niet geduldig mee?,True,approved,1
EO_SAFE_025,persoonlijke_veilige_vragen,first_meeting,question,safe_personal,Waarin ben jij makkelijker geworden voor jezelf dan vroeger?,self_compassion,growth,light_medium,warm,identity,easier_on_self,middle|late,both_answer,60,True,Wat heeft je geholpen om daarin milder te worden?,True,approved,1
EO_SAFE_026,persoonlijke_veilige_vragen,first_meeting,question,safe_personal,Welke herinnering uit de afgelopen paar jaar maakt je bijna altijd even vrolijk?,positive_affect,autobiographical_memory,light_medium,warm,memories,happy_recent_memory,middle|late,both_answer,60,True,Wat is het detail dat die herinnering zo goed maakt?,True,approved,1
EO_SAFE_027,persoonlijke_veilige_vragen,first_meeting,question,safe_personal,Wat is iets dat je het liefst leert door gewoon te proberen in plaats van eerst alles uit te zoeken?,learning_style,openness,light_medium,curious,learning,learn_by_doing,middle|late,both_answer,60,True,En waar wil je juist wél eerst alles van weten?,True,approved,1
EO_SAFE_028,persoonlijke_veilige_vragen,first_meeting,question,safe_personal,Wat is een klein teken waaraan mensen die jou goed kennen meteen merken dat je een goede dag hebt?,self_awareness,positive_affect,light_medium,warm,emotion,good_day_signal,middle|late,both_answer,60,True,Denk je dat iemand dat vandaag aan je zou zien?,True,approved,1
EO_SAFE_029,persoonlijke_veilige_vragen,first_meeting,question,safe_personal,"Welke afspraak met jezelf probeer je serieus te nemen, ook al lukt dat niet altijd?",values,self_regulation,light_medium,reflective,habits,self_promise,middle|late,both_answer,60,True,Wanneer lukt het juist wél?,True,approved,1
EO_SAFE_030,persoonlijke_veilige_vragen,first_meeting,question,safe_personal,Wat is iets waarvan je hoopt dat mensen het na een avond met jou over je onthouden?,self_presentation,identity,light_medium,warm,identity,desired_impression,middle|late,both_answer,60,True,En denk je dat dat meestal ook gebeurt?,True,approved,1
EO_INT_001,interactieve_opdrachten,first_meeting,interaction,mini_task,Kies allebei tegelijk één ding op tafel of in de ruimte dat volgens jou het beste bij de ander past. Daarna leg je in één zin uit waarom.,perspective_taking,playfulness,light,playful,environment,object_match,early|middle|late,shared_task,75,True,Was de uitleg ongeveer wat je verwachtte?,True,approved,1
EO_INT_002,interactieve_opdrachten,first_meeting,interaction,mini_task,Noem allebei één klein detail dat je in de eerste minuten aan de ander opviel. Geen standaard uiterlijk kenmerk.,responsiveness,attention,light_medium,warm,observation,noticed_detail,early|middle|late,shared_task,75,True,Was dat bewust of viel het pas later op?,True,approved,1
EO_INT_003,interactieve_opdrachten,first_meeting,interaction,mini_task,Bedenk in twintig seconden een totaal nutteloze maar passende bijnaam voor de ander op basis van wat je tot nu toe weet.,playfulness,social_bonding,light,playful,humor,playful_nickname,early|middle|late,shared_task,75,True,Welke zou nog nét acceptabel zijn om één avond te houden?,True,approved,1
EO_INT_004,interactieve_opdrachten,first_meeting,interaction,mini_task,Kijk allebei om je heen en wijs tegelijk de plek aan waar je het liefst nog een uur zou blijven zitten. Daarna pas uitleggen.,joint_attention,preference_expression,light,curious,environment,choose_place,early|middle|late,shared_task,75,True,Wat maakte die plek aantrekkelijk?,True,approved,1
EO_INT_005,interactieve_opdrachten,first_meeting,interaction,mini_task,Geef elkaar een fictief budget van €10 en bedenk wat je voor de ander zou halen bij de dichtstbijzijnde winkel.,perspective_taking,generosity,light,playful,gifts,ten_euro_gift,early|middle|late,shared_task,75,True,Hoe dicht zat dat bij iets wat je echt leuk zou vinden?,True,approved,1
EO_INT_006,interactieve_opdrachten,first_meeting,interaction,mini_task,Jullie krijgen dertig seconden om samen een naam te verzinnen voor deze date alsof het een aflevering van een serie is.,shared_creativity,humor,light,playful,dating,episode_title,early|middle|late,shared_task,75,False,,True,approved,1
EO_INT_007,interactieve_opdrachten,first_meeting,interaction,mini_task,Noem om de beurt drie dingen die jullie allebei waarschijnlijk leuk vinden. Bij de eerste misser stopt de ronde.,common_ground,playfulness,light,playful,similarity,common_ground_chain,early|middle|late,shared_task,75,True,Welke overeenkomst had je niet verwacht?,True,approved,1
EO_INT_008,interactieve_opdrachten,first_meeting,interaction,mini_task,Kies allebei zonder overleg een emoji die de sfeer van dit moment het beste samenvat. Laat tegelijk zien.,shared_reality,playfulness,light,playful,mood,emoji_vibe,early|middle|late,shared_task,75,True,Waarom precies die?,True,approved,1
EO_INT_009,interactieve_opdrachten,first_meeting,interaction,mini_task,"De één noemt een alledaags probleem, bijvoorbeeld 'trein gemist'. De ander heeft tien seconden om het slechtste advies ooit te geven. Daarna wisselen.",humor,spontaneity,light,playful,humor,bad_advice_game,early|middle|late,shared_task,75,False,,True,approved,1
EO_INT_010,interactieve_opdrachten,first_meeting,interaction,mini_task,"Kies tegelijk: wie van jullie zou eerder spontaan een weekend weg boeken? Wijs meteen naar iemand, geen overleg.",perspective_taking,spontaneity,light,playful,travel,who_would_spontaneous_trip,early|middle|late,shared_task,75,True,Wie verdedigt de keuze het best?,True,approved,1
EO_INT_011,interactieve_opdrachten,first_meeting,interaction,mini_task,"Bedenk samen een mini-playlist van precies drie nummers voor de rest van deze avond. Ieder kiest er één, het derde kiezen jullie samen.",shared_creation,self_disclosure,light,warm,music,three_song_playlist,early|middle|late,shared_task,75,True,Welk nummer zegt het meest over de sfeer?,True,approved,1
EO_INT_012,interactieve_opdrachten,first_meeting,interaction,mini_task,Ieder noemt één categorie waarin de ander volgens jou verrassend goed zou scoren in een pubquiz.,perspective_taking,positive_regard,light,playful,skills,pubquiz_guess,early|middle|late,shared_task,75,True,Klopt die inschatting een beetje?,True,approved,1
EO_INT_013,interactieve_opdrachten,first_meeting,interaction,mini_task,Maak allebei de zin af: 'Jij lijkt me iemand die...' Houd het licht en positief. Daarna tegelijk voorlezen.,perspective_taking,first_impression,light_medium,curious,identity,you_seem_like,early|middle|late,shared_task,75,True,Wat zat er verrassend dichtbij?,True,approved,1
EO_INT_014,interactieve_opdrachten,first_meeting,interaction,mini_task,"Kies één onschuldige gewoonte die je denkt dat de ander thuis heeft. De ander antwoordt alleen: raak, bijna of totaal mis.",perspective_taking,humor,light,playful,home,guess_home_habit,early|middle|late,shared_task,75,True,Wil je de echte versie horen?,True,approved,1
EO_INT_015,interactieve_opdrachten,first_meeting,interaction,mini_task,Jullie krijgen één minuut om samen een volkomen onnodige uitvinding te bedenken die jullie dagelijkse leven makkelijker zou maken.,shared_creativity,playfulness,light,playful,creativity,useless_invention,early|middle|late,shared_task,75,False,,True,approved,1
EO_INT_016,interactieve_opdrachten,first_meeting,interaction,mini_task,Noem allebei één gerecht waarvan je denkt dat de ander het nooit vrijwillig zou bestellen. Daarna onthullen.,perspective_taking,preference_expression,light,playful,food,guess_never_order,early|middle|late,shared_task,75,True,Wie zat dichterbij?,True,approved,1
EO_INT_017,interactieve_opdrachten,first_meeting,interaction,mini_task,Kies samen één voorwerp in de ruimte en verzin in dertig seconden een compleet overdreven achtergrondverhaal erbij.,shared_imagination,humor,light,playful,creativity,object_story,early|middle|late,shared_task,75,False,,True,approved,1
EO_INT_018,interactieve_opdrachten,first_meeting,interaction,mini_task,Ieder krijgt tien seconden om één ding te noemen dat deze avond tot nu toe beter maakt dan je vooraf had verwacht.,positive_affect,responsiveness,light_medium,warm,dating,better_than_expected,early|middle|late,shared_task,75,True,Was dat iets wat de ander zelf deed?,True,approved,1
EO_INT_019,interactieve_opdrachten,first_meeting,interaction,mini_task,"Doe een snelle 3-2-1-keuze: koffie of thee, vroeg of laat, stad of natuur, plannen of spontaniteit. Alleen bij één onverwacht verschil mag je doorvragen.",comparison,spontaneity,light,playful,preferences,rapid_choice_round,early|middle|late,shared_task,75,True,Welk verschil verraste je het meest?,True,approved,1
EO_INT_020,interactieve_opdrachten,first_meeting,interaction,mini_task,Bedenk allebei een fictieve slogan voor de ander op basis van de eerste indruk. Hoe korter hoe beter.,playfulness,first_impression,light,playful,identity,personal_slogan,early|middle|late,shared_task,75,True,Welke slogan zou je stiekem houden?,True,approved,1
EO_INT_021,interactieve_opdrachten,first_meeting,interaction,mini_task,Kijk vijf seconden om je heen. Daarna noemt ieder één ding waarvan je denkt dat de ander het als eerste zou opmerken als die hier alleen binnenkwam.,perspective_taking,attention,light,curious,environment,notice_first,early|middle|late,shared_task,75,True,Wat zegt die keuze over waar je aandacht naartoe gaat?,True,approved,1
EO_INT_022,interactieve_opdrachten,first_meeting,interaction,mini_task,"Kies allebei tegelijk wie van jullie waarschijnlijk langer over een menukaart doet. Wijs, niet overleggen.",perspective_taking,humor,light,playful,food,menu_indecision,early|middle|late,shared_task,75,True,Wie heeft het bewijs?,True,approved,1
EO_INT_023,interactieve_opdrachten,first_meeting,interaction,mini_task,Verzin samen een nieuwe ongeschreven regel voor eerste dates die iedereen vanaf morgen zou moeten volgen.,shared_creativity,values,light,playful,dating,invent_date_rule,early|middle|late,shared_task,75,True,Waarom zou die regel echt helpen?,True,approved,1
EO_INT_024,interactieve_opdrachten,first_meeting,interaction,mini_task,Ieder kiest één klein compliment dat níét over uiterlijk gaat en dat alleen gebaseerd mag zijn op deze ontmoeting.,positive_regard,responsiveness,light_medium,warm,compliments,nonphysical_compliment,early|middle|late,shared_task,75,True,Kwam dat compliment onverwacht?,True,approved,1
EO_INT_025,interactieve_opdrachten,first_meeting,interaction,mini_task,"Kies samen één kleine uitdaging voor de komende tien minuten, bijvoorbeeld allebei iets nieuws bestellen of één keer bewust van plek wisselen. Houd het simpel.",self_expansion,joint_action,light,playful,dating,micro_challenge,early|middle|late,shared_task,75,True,Was het leuker doordat jullie het samen kozen?,True,approved,1
EO_PERS_001,perspective_taking_raden,first_meeting,interaction,perspective_guess,"Wat denk je dat de ander liever kiest: een heel druk weekend of juist één lege dag ertussen? Eerst raden, daarna pas antwoorden.",perspective_taking,energy_management,light,curious,free_time,guess_weekend_energy,middle|late,guess_then_reveal,50,True,Wat gaf je die indruk?,True,approved,1
EO_PERS_002,perspective_taking_raden,first_meeting,interaction,perspective_guess,"Welke snack denk je dat de ander als eerste zou pakken uit een goedgevulde tafel? Eerst voorspellen, dan onthullen.",perspective_taking,attention,light,playful,food,guess_snack_choice,middle|late,guess_then_reveal,50,True,Zat je in de buurt?,True,approved,1
EO_PERS_003,perspective_taking_raden,first_meeting,interaction,perspective_guess,"Denk je dat de ander eerder iemand is die op vakantie alles plant of ter plekke beslist? Eerst kiezen, daarna toelichten.",perspective_taking,planning_style,light,curious,travel,guess_trip_style,middle|late,guess_then_reveal,50,True,Welk detail van vanavond gebruikte je voor je inschatting?,True,approved,1
EO_PERS_004,perspective_taking_raden,first_meeting,interaction,perspective_guess,Welke categorie op een pubquiz zou jij aan de ander toevertrouwen? De ander mag alleen zeggen: slim gekozen of absoluut niet.,perspective_taking,positive_regard,light,playful,skills,guess_quiz_strength,middle|late,guess_then_reveal,50,True,Wat zou dan een betere categorie zijn?,True,approved,1
EO_PERS_005,perspective_taking_raden,first_meeting,interaction,perspective_guess,"Wat denk je dat de ander het liefst doet na een lange week: mensen zien, thuis cocoonen of iets actiefs? Eerst raden.",perspective_taking,recovery_style,light,curious,free_time,guess_recovery_style,middle|late,guess_then_reveal,50,True,Wat maakte dat je deze keuze verwachtte?,True,approved,1
EO_PERS_006,perspective_taking_raden,first_meeting,interaction,perspective_guess,Welke kleine luxe denk je dat de ander zichzelf makkelijker gunt dan strikt nodig is?,perspective_taking,self_disclosure,light,playful,daily_life,guess_small_luxury,middle|late,guess_then_reveal,50,True,Hoe raak was die inschatting?,True,approved,1
EO_PERS_007,perspective_taking_raden,first_meeting,interaction,perspective_guess,"Denk je dat de ander eerder een ochtend- of avondmens is? Eerst raden, daarna pas de echte versie.",perspective_taking,habit_awareness,light,playful,routine,guess_chronotype,middle|late,guess_then_reveal,50,True,Waar baseerde je dat op?,True,approved,1
EO_PERS_008,perspective_taking_raden,first_meeting,interaction,perspective_guess,Wat denk je dat de ander sneller uitkiest: een nieuw restaurant of een vertrouwde favoriet?,perspective_taking,novelty_preference,light,curious,food,guess_new_vs_familiar,middle|late,guess_then_reveal,50,True,En klopt dat ook buiten eten?,True,approved,1
EO_PERS_009,perspective_taking_raden,first_meeting,interaction,perspective_guess,"Welke van deze drie past volgens jou het best bij de ander: plannenmaker, sfeermaker of probleemoplosser? Eerst kiezen zonder uitleg.",perspective_taking,social_style,light_medium,curious,identity,guess_social_role,middle|late,guess_then_reveal,50,True,Wat zag je waardoor je dit koos?,True,approved,1
EO_PERS_010,perspective_taking_raden,first_meeting,interaction,perspective_guess,"Wat denk je dat de ander het belangrijkst vindt op vakantie: goed eten, mooie omgeving of helemaal niets hoeven?",perspective_taking,values,light,curious,travel,guess_holiday_priority,middle|late,guess_then_reveal,50,True,Wat staat bij jezelf bovenaan?,True,approved,1
EO_PERS_011,perspective_taking_raden,first_meeting,interaction,perspective_guess,Welke app denk je dat de ander het vaakst opent zonder erbij na te denken?,perspective_taking,habit_awareness,light,playful,technology,guess_default_app,middle|late,guess_then_reveal,50,True,Zat je dichterbij dan je dacht?,True,approved,1
EO_PERS_012,perspective_taking_raden,first_meeting,interaction,perspective_guess,Denk je dat de ander eerder op een feest blijft tot het einde of vertrekt zodra het genoeg is geweest?,perspective_taking,social_energy,light,curious,social,guess_party_exit,middle|late,guess_then_reveal,50,True,Wat gaf je die indruk?,True,approved,1
EO_PERS_013,perspective_taking_raden,first_meeting,interaction,perspective_guess,Welke huiselijke taak denk je dat de ander verrassend prima vindt om te doen?,perspective_taking,daily_life,light,playful,home,guess_chore_preference,middle|late,guess_then_reveal,50,True,En welke vermijdt diegene juist liever?,True,approved,1
EO_PERS_014,perspective_taking_raden,first_meeting,interaction,perspective_guess,"Wat denk je dat de ander eerder onthoudt: een goed compliment, een grappige opmerking of een klein attent gebaar?",perspective_taking,responsiveness,light_medium,warm,attention,guess_memorable_signal,middle|late,guess_then_reveal,50,True,Welke zou jij zelf onthouden?,True,approved,1
EO_PERS_015,perspective_taking_raden,first_meeting,interaction,perspective_guess,"Als de ander morgen onverwacht vrij krijgt, denk je dat er binnen een uur al een plan ligt of juist niet?",perspective_taking,spontaneity,light,playful,free_time,guess_day_off_style,middle|late,guess_then_reveal,50,True,Hoeveel planning verwachtte je van de ander?,True,approved,1
EO_PERS_016,perspective_taking_raden,first_meeting,interaction,perspective_guess,"Welke sfeer denk je dat de ander thuis het liefst creëert: rustig, gezellig druk of strak en opgeruimd?",perspective_taking,environmental_preference,light,curious,home,guess_home_vibe,middle|late,guess_then_reveal,50,True,Welke sfeer past bij jouzelf?,True,approved,1
EO_PERS_017,perspective_taking_raden,first_meeting,interaction,perspective_guess,"Denk je dat de ander eerder een cadeau kiest dat praktisch, persoonlijk of grappig is?",perspective_taking,care_style,light_medium,curious,gifts,guess_gift_style,middle|late,guess_then_reveal,50,True,Wat zegt die keuze volgens jou over iemand?,True,approved,1
EO_PERS_018,perspective_taking_raden,first_meeting,interaction,perspective_guess,"Welke soort uitnodiging denk je dat de ander het snelst accepteert: etentje, concert, sportief plan of spontaan drankje?",perspective_taking,social_preference,light,playful,social,guess_invitation_type,middle|late,guess_then_reveal,50,True,Welke zou jij zelf kiezen?,True,approved,1
EO_PERS_019,perspective_taking_raden,first_meeting,interaction,perspective_guess,Denk je dat de ander eerder iets te veel meeneemt voor een weekend weg of precies genoeg?,perspective_taking,planning_style,light,playful,travel,guess_packing_style,middle|late,guess_then_reveal,50,True,Wat zit er volgens jou sowieso in de tas?,True,approved,1
EO_PERS_020,perspective_taking_raden,first_meeting,interaction,perspective_guess,"Wat denk je dat de ander aan deze ontmoeting tot nu toe het leukste vindt: het gesprek, de sfeer of het onverwachte? Eerst raden, dan pas antwoorden.",perspective_taking,shared_reality,light_medium,warm,dating,guess_best_part,middle|late,guess_then_reveal,50,True,Wat maakte dat je dat dacht?,True,approved,1
EO_CLOSE_001,afsluitvragen,first_meeting,question,closing,Wat was vanavond iets dat je niet had verwacht maar wel leuk vond?,positive_reflection,shared_reality,light_medium,warm,dating,unexpected_positive,closing,both_answer,50,False,,True,approved,1
EO_CLOSE_002,afsluitvragen,first_meeting,question,closing,Welk antwoord van de ander is je het meest bijgebleven?,responsiveness,memory,light_medium,warm,conversation,memorable_answer,closing,both_answer,50,True,Waarom juist dat antwoord?,True,approved,1
EO_CLOSE_003,afsluitvragen,first_meeting,question,closing,Wat zou je na vanavond nog één keer aan de ander willen vragen als er geen tijdslimiet was?,curiosity,continuation,light_medium,curious,conversation,one_more_question,closing,both_answer,50,False,,True,approved,1
EO_CLOSE_004,afsluitvragen,first_meeting,question,closing,Welke kleine overeenkomst tussen jullie vond je verrassend leuk?,common_ground,positive_affect,light,warm,similarity,favorite_similarity,closing,both_answer,50,False,,True,approved,1
EO_CLOSE_005,afsluitvragen,first_meeting,question,closing,Wat is iets dat je nu anders over de ander denkt dan aan het begin van de avond?,impression_update,perspective_taking,light_medium,reflective,identity,changed_first_impression,closing,both_answer,50,True,Was die verandering positief verrassend?,True,approved,1
EO_CLOSE_006,afsluitvragen,first_meeting,question,closing,Welk moment van deze ontmoeting zou je het makkelijkst opnieuw doen?,positive_memory,shared_reality,light,warm,dating,repeatable_moment,closing,both_answer,50,False,,True,approved,1
EO_CLOSE_007,afsluitvragen,first_meeting,question,closing,Wat is één woord dat beter bij de ander past dan je vooraf had gedacht?,impression_update,positive_regard,light,warm,identity,one_word_update,closing,both_answer,50,True,Wil je uitleggen waarom dat woord?,True,approved,1
EO_CLOSE_008,afsluitvragen,first_meeting,question,closing,Welke vraag van vanavond leverde het leukste gesprek op?,meta_conversation,positive_reflection,light,curious,conversation,best_prompt,closing,both_answer,50,True,Wat maakte die vraag goed?,True,approved,1
EO_CLOSE_009,afsluitvragen,first_meeting,question,closing,"Wat zou je over deze avond vertellen als iemand je morgen vraagt: 'En, hoe was het?'",positive_reflection,narrative,light_medium,warm,dating,tomorrow_summary,closing,both_answer,50,False,,True,approved,1
EO_CLOSE_010,afsluitvragen,first_meeting,question,closing,Welk kant van de ander heb je vanavond het meest leren kennen?,impression_update,self_disclosure,light_medium,warm,identity,side_discovered,closing,both_answer,50,True,Was dat een kant die je al vermoedde?,True,approved,1
EO_CLOSE_011,afsluitvragen,first_meeting,question,closing,Wat was het grappigste verschil tussen jullie dat vanavond naar boven kwam?,difference_appreciation,humor,light,playful,similarity,fun_difference,closing,both_answer,50,False,,True,approved,1
EO_CLOSE_012,afsluitvragen,first_meeting,question,closing,Wat voelde vanavond het meest vanzelfsprekend?,shared_reality,connection,light_medium,warm,dating,natural_moment,closing,both_answer,50,True,Wanneer merkte je dat?,True,approved,1
EO_CLOSE_013,afsluitvragen,first_meeting,question,closing,Welk kleine keuze van de ander vond je onverwacht leuk of typisch?,responsiveness,attention,light,warm,observation,liked_small_choice,closing,both_answer,50,False,,True,approved,1
EO_CLOSE_014,afsluitvragen,first_meeting,question,closing,"Als deze ontmoeting een titel kreeg, welke zou je hem geven?",shared_creativity,positive_reflection,light,playful,dating,date_title,closing,both_answer,50,True,Zouden jullie dezelfde titel kiezen?,True,approved,1
EO_CLOSE_015,afsluitvragen,first_meeting,question,closing,Wat hoop je dat de ander van vanavond over jou onthoudt?,self_presentation,warmth,light_medium,warm,identity,hope_remembered,closing,both_answer,50,False,,True,approved,1
